epoch,accuracy,auc,learning_rate,loss,precision,recall,val_accuracy,val_auc,val_loss,val_precision,val_recall
0,0.5249999761581421,0.5987499952316284,0.0010000000474974513,1.9134594202041626,0.523809552192688,0.550000011920929,0.5,0.8999999761581421,0.6914331912994385,0.0,0.0
1,0.8999999761581421,0.956250011920929,0.0010000000474974513,0.3414495885372162,0.8636363744735718,0.949999988079071,0.5,0.8799999952316284,0.6922890543937683,0.0,0.0
0,0.42500001192092896,0.42625001072883606,0.0010000000474974513,2.915926694869995,0.4000000059604645,0.30000001192092896,0.5,1.0,0.6884207725524902,0.5,1.0
